fusion_id,softclip_ID,chr1,bpt1,chr2,bpt2,softclip_sequence
10082,10082_1_1,1,8676307,1,8676980,TCCTCCACCTTTCGTGGATAAATATATGGCCCATT
10082,10082_1_10,1,8676296,1,8676980,TATTCTTTTGCTCCTCCACCTTTCGTGGATAAATATATGGCCCATT
10082,10082_1_11,1,8676316,1,8676980,TTTCGTGGATAAATATATGGCCCATT
10105,10105_2_50,3,16046501,3,16220883,GATCATTATGTTCGTCCCTGATGACAATTTCTACACT
10105,10105_2_51,3,16046501,3,16220883,GATCATTATGTTCGTCCCTGATGACAATTTCTACACT
10105,10105_2_9,3,16046453,3,16220971,CTATATGCTCTGTT
10108,10108_1_32,3,21342937,5,24615871,AGATTCATCTGTAGTGCCTTCTTTTGATTCTATTAGTGTAAGACAAGCT
10108,10108_2_18,3,21342984,5,24615843,ATGAATCTAGGACGAATACATAACTAATA
10108,10108_2_19,3,21342984,5,24615843,ATGAATCTAGGACGAATACATAACTAATA
